{
    "metadata":{
        "version":3,
        "generator":"io_three",
        "vertices":8,
        "type":"Geometry",
        "normals":6,
        "faces":6,
        "uvs":1
    },
    "name":"Cube.004Geometry",
    "vertices":[-1.92651,2.39485,-0.526562,-1.86587,2.39485,-0.774296,-1.92651,-2.39485,-0.526562,-1.86587,-2.39485,-0.774295,1.38964,2.39485,-2.47261,1.2959,2.39485,-2.63234,1.38964,-2.39485,-2.47261,1.2959,-2.39485,-2.63234],
    "normals":[-0.971319,-0,-0.23778,-0,-1,-0,0.862459,-0,-0.506127,-0,1,-0,0.506127,0,0.862459,-0.506651,-0,-0.862151],
    "uvs":[[0.334475,0.66955,0.0002,0.66955,0.0002,0.9998,0.334475,0.9998,0.3389,0.015647,0.334875,0.334475,0.66915,0.334475,0.66915,0.0002,0.0002,0.0002,0.334475,0.0002,0.334475,0.334475,0.0002,0.334475,0.0002,0.66915,0.004225,0.350322,0.334475,0.334875,0.334475,0.66915,0.66915,0.66915,0.66915,0.334875,0.334875,0.334875,0.334875,0.66915,0.66955,0.334475,0.66955,0.0002,0.988377,0.0002,0.988377,0.334475]],
    "faces":[41,2,0,1,3,2,3,0,1,0,0,0,0,41,3,7,6,2,4,5,6,7,1,1,1,1,41,7,5,4,6,8,9,10,11,2,2,2,2,41,0,4,5,1,14,15,12,13,3,3,3,3,41,0,2,6,4,16,17,18,19,4,4,4,4,41,5,7,3,1,20,21,22,23,5,5,5,5]
}