{
    "name":"Cube.004Geometry.2",
    "vertices":[-1.92651,2.39485,-0.526562,-1.86587,2.39485,-0.774296,-1.92651,-2.39485,-0.526562,-1.86587,-2.39485,-0.774295,1.38964,2.39485,-2.47261,1.2959,2.39485,-2.63234,1.38964,-2.39485,-2.47261,1.2959,-2.39485,-2.63234],
    "uvs":[],
    "faces":[33,2,0,1,3,0,0,0,0,33,3,7,6,2,1,1,1,1,33,7,5,4,6,2,2,2,2,33,0,4,5,1,3,3,3,3,33,0,2,6,4,4,4,4,4,33,5,7,3,1,5,5,5,5],
    "normals":[-0.971319,-0,-0.23778,-0,-1,-0,0.862459,-0,-0.506127,-0,1,-0,0.506127,0,0.862459,-0.506651,-0,-0.862151],
    "metadata":{
        "type":"Geometry",
        "generator":"io_three",
        "vertices":8,
        "uvs":0,
        "faces":6,
        "version":3,
        "normals":6
    }
}