{
    "name":"PlaneGeometry",
    "vertices":[-55.4122,55.4122,1.0762,55.4122,55.4122,1.0762,-55.4122,-55.4122,1.07621,55.4122,-55.4122,1.07621],
    "uvs":[],
    "faces":[33,0,1,3,2,0,0,0,0],
    "normals":[0,-0,-1],
    "metadata":{
        "type":"Geometry",
        "generator":"io_three",
        "vertices":4,
        "uvs":0,
        "faces":1,
        "version":3,
        "normals":1
    }
}